feedback_id,user_id,rating,comment,true_category
FB-00601,USR-66368,5,"Easy communication and fast local pickup, perfect!",General Praise / Positive
FB-00602,USR-70333,5,"Found what I was looking for right away, very happy with the app.",General Praise / Positive
FB-00603,USR-86795,1,Support took 5 days to reply and gave a totally useless automated answer.,Customer Service Complaint
FB-00604,USR-64860,1,Hermes lost the package and neither seller nor support helped.,Shipping / Delivery Problem
FB-00605,USR-95425,2,"Terrible help center support, nobody is reviewing fraudulent listings.",Customer Service Complaint
FB-00606,USR-89780,1,Push notifications for messages are completely broken on iOS.,App Technical Bug
FB-00607,USR-23855,1,"Tried to redirect me away from Kleinanzeigen safe pay, beware.",Fraud or Scam Risk
FB-00608,USR-67158,2,The chat feature keeps crashing every time I try to send an image.,App Technical Bug
FB-00609,USR-17224,2,Error 500 keeps showing up when I click on my favorites list.,App Technical Bug
FB-00610,USR-88519,5,"Everything went smoothly, great experience on Kleinanzeigen as always.",General Praise / Positive
FB-00611,USR-77172,1,The chat feature keeps crashing every time I try to send an image.,App Technical Bug
FB-00612,USR-98128,5,"Super fast payment and very friendly buyer, highly recommended!",General Praise / Positive
FB-00613,USR-84571,2,The item took three weeks to ship and arrived completely broken.,Shipping / Delivery Problem
FB-00614,USR-14356,5,"Everything went smoothly, great experience on Kleinanzeigen as always.",General Praise / Positive
FB-00615,USR-79915,1,User asked for weird payment methods and account looked fake.,Fraud or Scam Risk
FB-00616,USR-60483,2,"The seller wanted me to pay via WhatsApp and external link, total scam!",Fraud or Scam Risk
FB-00617,USR-86641,2,The chat feature keeps crashing every time I try to send an image.,App Technical Bug
FB-00618,USR-42727,2,Support took 5 days to reply and gave a totally useless automated answer.,Customer Service Complaint
FB-00619,USR-64826,1,"App logged me out and now I can't reset my password, total bug.",App Technical Bug
FB-00620,USR-82654,1,"Package never arrived, tracking number was fake or not working.",Shipping / Delivery Problem
FB-00621,USR-21507,1,User asked for weird payment methods and account looked fake.,Fraud or Scam Risk
FB-00622,USR-56855,5,"Super fast payment and very friendly buyer, highly recommended!",General Praise / Positive
FB-00623,USR-98885,4,"Found what I was looking for right away, very happy with the app.",General Praise / Positive
FB-00624,USR-84939,2,"Tried to redirect me away from Kleinanzeigen safe pay, beware.",Fraud or Scam Risk
FB-00625,USR-30157,1,Push notifications for messages are completely broken on iOS.,App Technical Bug
FB-00626,USR-72366,2,Error 500 keeps showing up when I click on my favorites list.,App Technical Bug
FB-00627,USR-42216,2,"Tried to redirect me away from Kleinanzeigen safe pay, beware.",Fraud or Scam Risk
FB-00628,USR-79918,2,"Suspicious profile, asked for my phone number immediately then disappeared.",Fraud or Scam Risk
FB-00629,USR-33798,2,My account was blocked unfairly and customer service won't explain why.,Customer Service Complaint
FB-00630,USR-48229,2,Shipping cost was listed as 5 euro but they demanded 15 euro.,Shipping / Delivery Problem
FB-00631,USR-90482,1,Error 500 keeps showing up when I click on my favorites list.,App Technical Bug
FB-00632,USR-79700,1,Shipping cost was listed as 5 euro but they demanded 15 euro.,Shipping / Delivery Problem
FB-00633,USR-14084,2,Shipping cost was listed as 5 euro but they demanded 15 euro.,Shipping / Delivery Problem
FB-00634,USR-70495,2,Push notifications for messages are completely broken on iOS.,App Technical Bug
FB-00635,USR-12328,2,Hermes lost the package and neither seller nor support helped.,Shipping / Delivery Problem
FB-00636,USR-59939,5,"Easy communication and fast local pickup, perfect!",General Praise / Positive
FB-00637,USR-97814,5,"Super fast payment and very friendly buyer, highly recommended!",General Praise / Positive
FB-00638,USR-21834,1,My account was blocked unfairly and customer service won't explain why.,Customer Service Complaint
FB-00639,USR-29396,2,"The seller wanted me to pay via WhatsApp and external link, total scam!",Fraud or Scam Risk
FB-00640,USR-58263,1,Hermes lost the package and neither seller nor support helped.,Shipping / Delivery Problem
FB-00641,USR-57362,2,Support took 5 days to reply and gave a totally useless automated answer.,Customer Service Complaint
FB-00642,USR-58446,2,The chat feature keeps crashing every time I try to send an image.,App Technical Bug
FB-00643,USR-17801,1,"Suspicious profile, asked for my phone number immediately then disappeared.",Fraud or Scam Risk
FB-00644,USR-80906,2,Push notifications for messages are completely broken on iOS.,App Technical Bug
FB-00645,USR-78766,2,Could not reach anyone to resolve a dispute with a buyer.,Customer Service Complaint
FB-00646,USR-77466,2,"The seller wanted me to pay via WhatsApp and external link, total scam!",Fraud or Scam Risk
FB-00647,USR-19401,2,Could not reach anyone to resolve a dispute with a buyer.,Customer Service Complaint
FB-00648,USR-32381,2,"The seller wanted me to pay via WhatsApp and external link, total scam!",Fraud or Scam Risk
FB-00649,USR-82122,5,"Everything went smoothly, great experience on Kleinanzeigen as always.",General Praise / Positive
FB-00650,USR-87809,5,"Super fast payment and very friendly buyer, highly recommended!",General Praise / Positive
